[
  {
    "model": "auth.user",
    "pk": 9001,
    "fields": {
      "username": "demo_admin",
      "first_name": "Demo",
      "last_name": "Admin",
      "email": "demo_admin@example.com",
      "password": "pbkdf2_sha256$870000$demo_password_hash_123456789$1234567890abcdefghijklmnopqrstuvwxyz1234567890=",
      "is_staff": false,
      "is_active": true,
      "is_superuser": false,
      "date_joined": "2024-01-01T00:00:00Z"
    }
  },
  {
    "model": "auth.user",
    "pk": 9002,
    "fields": {
      "username": "demo_seller1",
      "first_name": "Jane",
      "last_name": "Seller",
      "email": "seller1@example.com",
      "password": "pbkdf2_sha256$870000$demo_password_hash_123456789$1234567890abcdefghijklmnopqrstuvwxyz1234567890=",
      "is_staff": false,
      "is_active": true,
      "is_superuser": false,
      "date_joined": "2024-01-01T00:00:00Z"
    }
  },
  {
    "model": "auth.user",
    "pk": 9003,
    "fields": {
      "username": "demo_bidder1",
      "first_name": "John",
      "last_name": "Bidder",
      "email": "bidder1@example.com",
      "password": "pbkdf2_sha256$870000$demo_password_hash_123456789$1234567890abcdefghijklmnopqrstuvwxyz1234567890=",
      "is_staff": false,
      "is_active": true,
      "is_superuser": false,
      "date_joined": "2024-01-01T00:00:00Z"
    }
  },
  {
    "model": "auth.user",
    "pk": 9004,
    "fields": {
      "username": "demo_seller2",
      "first_name": "Bob",
      "last_name": "Breeder",
      "email": "seller2@example.com",
      "password": "pbkdf2_sha256$870000$demo_password_hash_123456789$1234567890abcdefghijklmnopqrstuvwxyz1234567890=",
      "is_staff": false,
      "is_active": true,
      "is_superuser": false,
      "date_joined": "2024-01-01T00:00:00Z"
    }
  },
  {
    "model": "auctions.category",
    "pk": 9001,
    "fields": {
      "name": "Cichlids",
      "name_on_label": "Cichlids"
    }
  },
  {
    "model": "auctions.category",
    "pk": 9002,
    "fields": {
      "name": "Livebearers",
      "name_on_label": "Livebearers"
    }
  },
  {
    "model": "auctions.category",
    "pk": 9003,
    "fields": {
      "name": "Plants",
      "name_on_label": "Plants"
    }
  },
  {
    "model": "auctions.category",
    "pk": 9004,
    "fields": {
      "name": "Equipment",
      "name_on_label": "Equipment"
    }
  },
  {
    "model": "auctions.auction",
    "pk": 9001,
    "fields": {
      "title": "Demo In-Person Auction - Spring 2024",
      "slug": "demo-in-person-auction-spring-2024",
      "is_online": false,
      "sealed_bid": false,
      "lot_entry_fee": 1,
      "unsold_lot_fee": 0,
      "winning_bid_percent_to_club": 20,
      "pre_register_lot_discount_percent": 5,
      "pre_register_lot_entry_fee_discount": 0,
      "date_posted": "2024-01-01T00:00:00Z",
      "date_start": "2024-06-15T09:00:00Z",
      "date_end": "2024-06-15T16:00:00Z",
      "lot_submission_start_date": "2024-05-01T00:00:00Z",
      "lot_submission_end_date": "2024-06-14T23:59:00Z",
      "created_by": 9001,
      "location": "Demo Aquarium Club, Springfield",
      "summernote_description": "<p><strong>Welcome to our Spring In-Person Auction!</strong></p><p>Rules:</p><ul><li>All sales are final</li><li>Payment by cash or check only</li><li>Bring your own bags and containers</li><li>Pick up all lots by 5 PM</li></ul><p>Looking forward to seeing everyone!</p>",
      "code_to_add_lots": "spring2024",
      "lot_promotion_cost": 1,
      "first_bid_payout": 0,
      "promote_this_auction": true,
      "is_chat_allowed": true,
      "max_lots_per_user": 20,
      "allow_additional_lots_as_donation": true,
      "make_stats_public": true,
      "bump_cost": 1,
      "use_categories": true,
      "is_deleted": false,
      "online_bidding": "disable",
      "only_approved_sellers": false,
      "only_approved_bidders": false,
      "require_phone_number": false,
      "email_users_when_invoices_ready": true,
      "invoice_payment_instructions": "Payment by cash or check at pickup",
      "invoice_rounding": true,
      "minimum_bid": 2,
      "lot_entry_fee_for_club_members": 0,
      "winning_bid_percent_to_club_for_club_members": 15,
      "alternative_split_label": "Club Member",
      "buy_now": "disable",
      "reserve_price": "allow",
      "tax": 0,
      "advanced_lot_adding": false,
      "use_quantity_field": true,
      "use_reference_link": true,
      "use_description": true,
      "use_donation_field": true,
      "use_i_bred_this_fish_field": true,
      "allow_bulk_adding_lots": true
    }
  },
  {
    "model": "auctions.auction",
    "pk": 9002,
    "fields": {
      "title": "Demo Online Auction - Active Now!",
      "slug": "demo-online-auction-active-now",
      "is_online": true,
      "sealed_bid": false,
      "lot_entry_fee": 2,
      "unsold_lot_fee": 1,
      "winning_bid_percent_to_club": 25,
      "pre_register_lot_discount_percent": 10,
      "pre_register_lot_entry_fee_discount": 1,
      "date_posted": "2024-11-01T00:00:00Z",
      "date_start": "2024-11-25T00:00:00Z",
      "date_end": "2050-12-25T23:59:00Z",
      "lot_submission_start_date": "2024-11-15T00:00:00Z",
      "lot_submission_end_date": "2050-12-20T23:59:00Z",
      "created_by": 9001,
      "location": "Multi-Location Online Auction",
      "summernote_description": "<p><strong>Welcome to our Multi-Location Online Auction!</strong></p><p>This auction features pickup at multiple locations or shipping by mail.</p><p><strong>Auction Rules:</strong></p><ul><li>Bidding closes on December 25th at 11:59 PM</li><li>All lots have a 5-minute soft close</li><li>Choose your preferred pickup location when joining</li><li>Payment due within 7 days of auction end</li><li>We accept PayPal, Venmo, and cash at pickup</li></ul><p><strong>Pickup Options:</strong></p><ul><li>Location A: Springfield Aquarium Store</li><li>Location B: Riverside Community Center</li><li>Mail Shipping: Available for most items (+shipping cost)</li></ul>",
      "code_to_add_lots": "online2024",
      "lot_promotion_cost": 2,
      "first_bid_payout": 5,
      "promote_this_auction": true,
      "is_chat_allowed": true,
      "max_lots_per_user": 50,
      "allow_additional_lots_as_donation": true,
      "make_stats_public": true,
      "bump_cost": 2,
      "use_categories": true,
      "is_deleted": false,
      "online_bidding": "allow",
      "only_approved_sellers": false,
      "only_approved_bidders": false,
      "require_phone_number": true,
      "email_users_when_invoices_ready": true,
      "invoice_payment_instructions": "Payment via PayPal or cash at pickup. Invoices will be emailed after auction ends.",
      "invoice_rounding": false,
      "minimum_bid": 2,
      "lot_entry_fee_for_club_members": 1,
      "winning_bid_percent_to_club_for_club_members": 20,
      "alternative_split_label": "Club Member",
      "buy_now": "allow",
      "reserve_price": "allow",
      "tax": 0,
      "advanced_lot_adding": true,
      "use_quantity_field": true,
      "use_reference_link": true,
      "use_description": true,
      "use_donation_field": true,
      "use_i_bred_this_fish_field": true,
      "allow_bulk_adding_lots": true
    }
  },
  {
    "model": "auctions.auction",
    "pk": 9003,
    "fields": {
      "title": "Demo Ended Auction - Fall 2024",
      "slug": "demo-ended-auction-fall-2024",
      "is_online": true,
      "sealed_bid": false,
      "lot_entry_fee": 2,
      "unsold_lot_fee": 0,
      "winning_bid_percent_to_club": 20,
      "pre_register_lot_discount_percent": 5,
      "pre_register_lot_entry_fee_discount": 0,
      "date_posted": "2024-08-01T00:00:00Z",
      "date_start": "2024-09-01T00:00:00Z",
      "date_end": "2024-10-01T23:59:00Z",
      "lot_submission_start_date": "2024-08-15T00:00:00Z",
      "lot_submission_end_date": "2024-09-30T23:59:00Z",
      "created_by": 9001,
      "location": "Multi-Location - Ended",
      "summernote_description": "<p><strong>Fall 2024 Multi-Location Auction - ENDED</strong></p><p>Thank you to all participants! This auction has concluded.</p><p>Pickup locations were available at:</p><ul><li>Downtown Fish Store</li><li>Westside Aquarium Club</li><li>Mail shipping option</li></ul><p>Final statistics and results are available to all participants.</p>",
      "code_to_add_lots": "fall2024",
      "lot_promotion_cost": 1,
      "first_bid_payout": 3,
      "promote_this_auction": false,
      "is_chat_allowed": true,
      "max_lots_per_user": 30,
      "allow_additional_lots_as_donation": true,
      "make_stats_public": true,
      "bump_cost": 1,
      "use_categories": true,
      "is_deleted": false,
      "online_bidding": "allow",
      "only_approved_sellers": false,
      "only_approved_bidders": false,
      "require_phone_number": false,
      "email_users_when_invoices_ready": true,
      "invoice_payment_instructions": "Payment due within 7 days",
      "invoice_rounding": true,
      "minimum_bid": 2,
      "lot_entry_fee_for_club_members": 1,
      "winning_bid_percent_to_club_for_club_members": 15,
      "alternative_split_label": "Club Member",
      "buy_now": "allow",
      "reserve_price": "allow",
      "tax": 0,
      "advanced_lot_adding": false,
      "use_quantity_field": true,
      "use_reference_link": true,
      "use_description": true,
      "use_donation_field": true,
      "use_i_bred_this_fish_field": true,
      "allow_bulk_adding_lots": true
    }
  },
  {
    "model": "auctions.pickuplocation",
    "pk": 9001,
    "fields": {
      "name": "Main Auction Hall",
      "user": 9001,
      "auction": 9001,
      "description": "Main auction hall at Springfield Community Center",
      "users_must_coordinate_pickup": false,
      "pickup_location_contact_name": "Demo Admin",
      "pickup_location_contact_phone": "555-0100",
      "pickup_location_contact_email": "demo_admin@example.com",
      "pickup_time": "2024-06-15T16:00:00Z",
      "latitude": 39.7817,
      "longitude": -89.6501,
      "address": "Springfield Community Center, 123 Main St, Springfield, IL",
      "allow_selling_by_default": true,
      "allow_bidding_by_default": true,
      "pickup_by_mail": false,
      "is_default": true
    }
  },
  {
    "model": "auctions.pickuplocation",
    "pk": 9002,
    "fields": {
      "name": "Springfield Aquarium Store",
      "user": 9001,
      "auction": 9002,
      "description": "Pickup at Springfield Aquarium Store - Free parking in back",
      "users_must_coordinate_pickup": false,
      "pickup_location_contact_name": "Store Manager",
      "pickup_location_contact_phone": "555-0101",
      "pickup_location_contact_email": "store@example.com",
      "pickup_time": "2050-12-27T14:00:00Z",
      "second_pickup_time": "2050-12-28T15:00:00Z",
      "latitude": 39.7817,
      "longitude": -89.6501,
      "address": "456 Aquarium Way, Springfield, IL",
      "allow_selling_by_default": true,
      "allow_bidding_by_default": true,
      "pickup_by_mail": false,
      "is_default": false
    }
  },
  {
    "model": "auctions.pickuplocation",
    "pk": 9003,
    "fields": {
      "name": "Riverside Community Center",
      "user": 9001,
      "auction": 9002,
      "description": "Pickup at Riverside location - Enter through east entrance",
      "users_must_coordinate_pickup": false,
      "pickup_location_contact_name": "Jane Seller",
      "pickup_location_contact_phone": "555-0102",
      "pickup_location_contact_email": "seller1@example.com",
      "pickup_time": "2050-12-27T14:00:00Z",
      "second_pickup_time": "2050-12-28T15:00:00Z",
      "latitude": 39.8,
      "longitude": -89.7,
      "address": "789 River Rd, Riverside, IL",
      "allow_selling_by_default": true,
      "allow_bidding_by_default": true,
      "pickup_by_mail": false,
      "is_default": false
    }
  },
  {
    "model": "auctions.pickuplocation",
    "pk": 9004,
    "fields": {
      "name": "Mail me my lots",
      "user": 9001,
      "auction": 9002,
      "description": "Shipping available for most items. Shipping costs will be added to invoice. Live arrival guaranteed with DOA photo within 2 hours of delivery.",
      "users_must_coordinate_pickup": true,
      "pickup_location_contact_name": "Shipping Coordinator",
      "pickup_location_contact_phone": "555-0103",
      "pickup_location_contact_email": "shipping@example.com",
      "pickup_time": "2050-12-27T14:00:00Z",
      "latitude": 0,
      "longitude": 0,
      "address": "",
      "allow_selling_by_default": true,
      "allow_bidding_by_default": true,
      "pickup_by_mail": true,
      "is_default": false
    }
  },
  {
    "model": "auctions.pickuplocation",
    "pk": 9005,
    "fields": {
      "name": "Downtown Fish Store",
      "user": 9001,
      "auction": 9003,
      "description": "Pickup at Downtown Fish Store location",
      "users_must_coordinate_pickup": false,
      "pickup_location_contact_name": "Store Owner",
      "pickup_location_contact_phone": "555-0104",
      "pickup_location_contact_email": "downtown@example.com",
      "pickup_time": "2024-10-05T14:00:00Z",
      "latitude": 39.75,
      "longitude": -89.65,
      "address": "321 Downtown Ave, Springfield, IL",
      "allow_selling_by_default": true,
      "allow_bidding_by_default": true,
      "pickup_by_mail": false,
      "is_default": false
    }
  },
  {
    "model": "auctions.pickuplocation",
    "pk": 9006,
    "fields": {
      "name": "Westside Aquarium Club",
      "user": 9001,
      "auction": 9003,
      "description": "Club meeting location on west side",
      "users_must_coordinate_pickup": false,
      "pickup_location_contact_name": "Club President",
      "pickup_location_contact_phone": "555-0105",
      "pickup_location_contact_email": "westside@example.com",
      "pickup_time": "2024-10-05T15:00:00Z",
      "latitude": 39.77,
      "longitude": -89.7,
      "address": "654 West St, Springfield, IL",
      "allow_selling_by_default": true,
      "allow_bidding_by_default": true,
      "pickup_by_mail": false,
      "is_default": false
    }
  },
  {
    "model": "auctions.pickuplocation",
    "pk": 9007,
    "fields": {
      "name": "Mail me my lots",
      "user": 9001,
      "auction": 9003,
      "description": "Shipping by USPS Priority Mail. $15 flat rate for fish, $10 for plants.",
      "users_must_coordinate_pickup": true,
      "pickup_location_contact_name": "Shipping Dept",
      "pickup_location_contact_phone": "555-0106",
      "pickup_location_contact_email": "shipping@example.com",
      "pickup_time": "2024-10-05T00:00:00Z",
      "latitude": 0,
      "longitude": 0,
      "address": "",
      "allow_selling_by_default": true,
      "allow_bidding_by_default": true,
      "pickup_by_mail": true,
      "is_default": false
    }
  },
  {
    "model": "auctions.auctiontos",
    "pk": 9001,
    "fields": {
      "user": 9001,
      "auction": 9001,
      "pickup_location": 9001,
      "is_admin": true,
      "bidder_number": "1",
      "bidding_allowed": true,
      "selling_allowed": true,
      "name": "Demo Admin",
      "email": "demo_admin@example.com",
      "phone_number": "5550100",
      "manually_added": false,
      "is_club_member": true,
      "createdon": "2024-06-01T10:00:00Z"
    }
  },
  {
    "model": "auctions.auctiontos",
    "pk": 9002,
    "fields": {
      "user": 9002,
      "auction": 9001,
      "pickup_location": 9001,
      "is_admin": false,
      "bidder_number": "2",
      "bidding_allowed": true,
      "selling_allowed": true,
      "name": "Jane Seller",
      "email": "seller1@example.com",
      "phone_number": "5550101",
      "manually_added": false,
      "is_club_member": true,
      "createdon": "2024-06-01T10:00:00Z"
    }
  },
  {
    "model": "auctions.auctiontos",
    "pk": 9003,
    "fields": {
      "user": 9003,
      "auction": 9001,
      "pickup_location": 9001,
      "is_admin": false,
      "bidder_number": "3",
      "bidding_allowed": true,
      "selling_allowed": false,
      "name": "John Bidder",
      "email": "bidder1@example.com",
      "phone_number": "5550102",
      "manually_added": false,
      "is_club_member": false,
      "createdon": "2024-06-01T10:00:00Z"
    }
  },
  {
    "model": "auctions.auctiontos",
    "pk": 9004,
    "fields": {
      "user": 9001,
      "auction": 9002,
      "pickup_location": 9002,
      "is_admin": true,
      "bidder_number": "100",
      "bidding_allowed": true,
      "selling_allowed": true,
      "name": "Demo Admin",
      "email": "demo_admin@example.com",
      "phone_number": "5550100",
      "manually_added": false,
      "is_club_member": true,
      "createdon": "2024-11-20T12:00:00Z"
    }
  },
  {
    "model": "auctions.auctiontos",
    "pk": 9005,
    "fields": {
      "user": 9002,
      "auction": 9002,
      "pickup_location": 9002,
      "is_admin": false,
      "bidder_number": "101",
      "bidding_allowed": true,
      "selling_allowed": true,
      "name": "Jane Seller",
      "email": "seller1@example.com",
      "phone_number": "5550101",
      "manually_added": false,
      "is_club_member": true,
      "createdon": "2024-11-20T12:00:00Z"
    }
  },
  {
    "model": "auctions.auctiontos",
    "pk": 9006,
    "fields": {
      "user": 9003,
      "auction": 9002,
      "pickup_location": 9003,
      "is_admin": false,
      "bidder_number": "102",
      "bidding_allowed": true,
      "selling_allowed": false,
      "name": "John Bidder",
      "email": "bidder1@example.com",
      "phone_number": "5550102",
      "manually_added": false,
      "is_club_member": false,
      "createdon": "2024-11-20T12:00:00Z"
    }
  },
  {
    "model": "auctions.auctiontos",
    "pk": 9007,
    "fields": {
      "user": 9004,
      "auction": 9002,
      "pickup_location": 9004,
      "is_admin": false,
      "bidder_number": "103",
      "bidding_allowed": true,
      "selling_allowed": true,
      "name": "Bob Breeder",
      "email": "seller2@example.com",
      "phone_number": "5550103",
      "manually_added": false,
      "is_club_member": false,
      "createdon": "2024-11-20T12:00:00Z"
    }
  },
  {
    "model": "auctions.auctiontos",
    "pk": 9008,
    "fields": {
      "user": 9001,
      "auction": 9003,
      "pickup_location": 9005,
      "is_admin": true,
      "bidder_number": "200",
      "bidding_allowed": true,
      "selling_allowed": true,
      "name": "Demo Admin",
      "email": "demo_admin@example.com",
      "phone_number": "5550100",
      "manually_added": false,
      "is_club_member": true,
      "createdon": "2024-08-15T14:00:00Z"
    }
  },
  {
    "model": "auctions.auctiontos",
    "pk": 9009,
    "fields": {
      "user": 9002,
      "auction": 9003,
      "pickup_location": 9005,
      "is_admin": false,
      "bidder_number": "201",
      "bidding_allowed": true,
      "selling_allowed": true,
      "name": "Jane Seller",
      "email": "seller1@example.com",
      "phone_number": "5550101",
      "manually_added": false,
      "is_club_member": true,
      "createdon": "2024-08-15T14:00:00Z"
    }
  },
  {
    "model": "auctions.auctiontos",
    "pk": 9010,
    "fields": {
      "user": 9003,
      "auction": 9003,
      "pickup_location": 9006,
      "is_admin": false,
      "bidder_number": "202",
      "bidding_allowed": true,
      "selling_allowed": false,
      "name": "John Bidder",
      "email": "bidder1@example.com",
      "phone_number": "5550102",
      "manually_added": false,
      "is_club_member": false,
      "createdon": "2024-08-15T14:00:00Z"
    }
  },
  {
    "model": "auctions.auctiontos",
    "pk": 9011,
    "fields": {
      "user": 9004,
      "auction": 9003,
      "pickup_location": 9007,
      "is_admin": false,
      "bidder_number": "203",
      "bidding_allowed": true,
      "selling_allowed": true,
      "name": "Bob Breeder",
      "email": "seller2@example.com",
      "phone_number": "5550103",
      "manually_added": false,
      "is_club_member": false,
      "createdon": "2024-08-15T14:00:00Z"
    }
  },
  {
    "model": "auctions.lot",
    "pk": 90001,
    "fields": {
      "lot_number_int": 1,
      "lot_name": "Angelfish Breeding Pair",
      "species_category": 9001,
      "quantity": 2,
      "reserve_price": 15,
      "buy_now_price": null,
      "summernote_description": "<p>Beautiful marble angelfish breeding pair. Proven breeders, have spawned multiple times. Approximately 4 inches each.</p>",
      "i_bred_this_fish": true,
      "active": true,
      "banned": false,
      "deactivated": false,
      "user": 9002,
      "auctiontos_seller": 9002,
      "auction": 9001,
      "date_end": "2024-06-15T16:00:00Z",
      "winning_price": null,
      "winner": null,
      "auctiontos_winner": null,
      "donation": false,
      "date_posted": "2024-06-05T09:00:00Z",
      "date_of_last_user_edit": "2024-06-05T09:00:00Z"
    }
  },
  {
    "model": "auctions.lot",
    "pk": 90002,
    "fields": {
      "lot_number_int": 2,
      "lot_name": "10 Gallon Tank with Stand",
      "species_category": 9004,
      "quantity": 1,
      "reserve_price": 20,
      "buy_now_price": null,
      "summernote_description": "<p>Complete 10-gallon aquarium setup with matching black stand. Tank is in excellent condition, stand has minor wear. No leaks!</p>",
      "i_bred_this_fish": false,
      "active": true,
      "banned": false,
      "deactivated": false,
      "user": 9002,
      "auctiontos_seller": 9002,
      "auction": 9001,
      "date_end": "2024-06-15T16:00:00Z",
      "winning_price": null,
      "winner": null,
      "auctiontos_winner": null,
      "donation": false,
      "date_posted": "2024-06-05T09:00:00Z",
      "date_of_last_user_edit": "2024-06-05T09:00:00Z"
    }
  },
  {
    "model": "auctions.lot",
    "pk": 90003,
    "fields": {
      "lot_number_int": 3,
      "lot_name": "Assorted Guppy Fry",
      "species_category": 9002,
      "quantity": 20,
      "reserve_price": 5,
      "buy_now_price": null,
      "summernote_description": "<p>Mix of 20+ guppy fry, various colors including blue, red, and yellow. Approximately 1 month old.</p>",
      "i_bred_this_fish": true,
      "active": true,
      "banned": false,
      "deactivated": false,
      "user": 9001,
      "auctiontos_seller": 9001,
      "auction": 9001,
      "date_end": "2024-06-15T16:00:00Z",
      "winning_price": null,
      "winner": null,
      "auctiontos_winner": null,
      "donation": true,
      "date_posted": "2024-06-05T09:00:00Z",
      "date_of_last_user_edit": "2024-06-05T09:00:00Z"
    }
  },
  {
    "model": "auctions.lot",
    "pk": 90004,
    "fields": {
      "lot_number_int": 101,
      "lot_name": "Electric Blue Acara Pair",
      "species_category": 9001,
      "quantity": 2,
      "reserve_price": 25,
      "buy_now_price": 50,
      "summernote_description": "<p>Stunning electric blue acara pair, excellent coloration. Both fish are around 3 inches. Great fish for a community tank!</p>",
      "i_bred_this_fish": false,
      "active": true,
      "banned": false,
      "deactivated": false,
      "user": 9002,
      "auctiontos_seller": 9005,
      "auction": 9002,
      "date_end": "2050-12-25T23:59:00Z",
      "winning_price": null,
      "winner": null,
      "auctiontos_winner": null,
      "donation": false,
      "date_posted": "2024-11-22T10:00:00Z",
      "date_of_last_user_edit": "2024-11-22T10:00:00Z"
    }
  },
  {
    "model": "auctions.lot",
    "pk": 90005,
    "fields": {
      "lot_number_int": 102,
      "lot_name": "Java Fern Bundle - 10 Plants",
      "species_category": 9003,
      "quantity": 10,
      "reserve_price": 10,
      "buy_now_price": 20,
      "summernote_description": "<p>Healthy java fern bundle, perfect for low-light tanks. 10 well-rooted plants, ranging from 4-6 inches tall. Easy care!</p>",
      "i_bred_this_fish": true,
      "active": true,
      "banned": false,
      "deactivated": false,
      "user": 9002,
      "auctiontos_seller": 9005,
      "auction": 9002,
      "date_end": "2050-12-25T23:59:00Z",
      "winning_price": null,
      "winner": null,
      "auctiontos_winner": null,
      "donation": false,
      "date_posted": "2024-11-22T10:00:00Z",
      "date_of_last_user_edit": "2024-11-22T10:00:00Z"
    }
  },
  {
    "model": "auctions.lot",
    "pk": 90006,
    "fields": {
      "lot_number_int": 103,
      "lot_name": "Red Cherry Shrimp - 10+2",
      "species_category": 9002,
      "quantity": 12,
      "reserve_price": 15,
      "buy_now_price": 30,
      "summernote_description": "<p>Home-bred red cherry shrimp. 10+2 deal - you get at least 12 shrimp! Great for algae control and very hardy.</p>",
      "i_bred_this_fish": true,
      "active": true,
      "banned": false,
      "deactivated": false,
      "user": 9004,
      "auctiontos_seller": 9007,
      "auction": 9002,
      "date_end": "2050-12-25T23:59:00Z",
      "winning_price": null,
      "winner": null,
      "auctiontos_winner": null,
      "donation": false,
      "date_posted": "2024-11-22T10:00:00Z",
      "date_of_last_user_edit": "2024-11-22T10:00:00Z"
    }
  },
  {
    "model": "auctions.lot",
    "pk": 90007,
    "fields": {
      "lot_number_int": 104,
      "lot_name": "Sponge Filter with Air Pump",
      "species_category": 9004,
      "quantity": 1,
      "reserve_price": 8,
      "buy_now_price": 15,
      "summernote_description": "<p>Small sponge filter with matching air pump. Perfect for fry tanks or shrimp tanks. Gently used, works perfectly.</p>",
      "i_bred_this_fish": false,
      "active": true,
      "banned": false,
      "deactivated": false,
      "user": 9001,
      "auctiontos_seller": 9004,
      "auction": 9002,
      "date_end": "2050-12-25T23:59:00Z",
      "winning_price": null,
      "winner": null,
      "auctiontos_winner": null,
      "donation": false,
      "date_posted": "2024-11-22T10:00:00Z",
      "date_of_last_user_edit": "2024-11-22T10:00:00Z"
    }
  },
  {
    "model": "auctions.lot",
    "pk": 90008,
    "fields": {
      "lot_number_int": 105,
      "lot_name": "Anubias Nana on Driftwood",
      "species_category": 9003,
      "quantity": 1,
      "reserve_price": 12,
      "buy_now_price": null,
      "summernote_description": "<p>Beautiful anubias nana already attached to natural driftwood. Approximately 5 inches tall. Low light, low maintenance!</p>",
      "i_bred_this_fish": false,
      "active": true,
      "banned": false,
      "deactivated": false,
      "user": 9002,
      "auctiontos_seller": 9005,
      "auction": 9002,
      "date_end": "2050-12-25T23:59:00Z",
      "winning_price": 15,
      "winner": 9003,
      "auctiontos_winner": 9006,
      "donation": false,
      "date_posted": "2024-11-22T10:00:00Z",
      "date_of_last_user_edit": "2024-11-22T10:00:00Z"
    }
  },
  {
    "model": "auctions.lot",
    "pk": 90009,
    "fields": {
      "lot_number_int": 201,
      "lot_name": "German Blue Ram Pair",
      "species_category": 9001,
      "quantity": 2,
      "reserve_price": 20,
      "buy_now_price": 40,
      "summernote_description": "<p>Gorgeous German blue ram pair with excellent coloration. Male is 2.5 inches, female is 2 inches. Ready to breed!</p>",
      "i_bred_this_fish": false,
      "active": false,
      "banned": false,
      "deactivated": false,
      "user": 9002,
      "auctiontos_seller": 9009,
      "auction": 9003,
      "date_end": "2024-10-01T23:59:00Z",
      "winning_price": 35,
      "winner": 9003,
      "auctiontos_winner": 9010,
      "donation": false,
      "date_posted": "2024-08-20T11:00:00Z",
      "date_of_last_user_edit": "2024-08-20T11:00:00Z"
    }
  },
  {
    "model": "auctions.lot",
    "pk": 90010,
    "fields": {
      "lot_number_int": 202,
      "lot_name": "Amazon Sword Plant - Large",
      "species_category": 9003,
      "quantity": 1,
      "reserve_price": 8,
      "buy_now_price": 15,
      "summernote_description": "<p>Large, healthy Amazon sword plant. Approximately 12 inches tall with 15+ leaves. Great centerpiece plant!</p>",
      "i_bred_this_fish": true,
      "active": false,
      "banned": false,
      "deactivated": false,
      "user": 9002,
      "auctiontos_seller": 9009,
      "auction": 9003,
      "date_end": "2024-10-01T23:59:00Z",
      "winning_price": null,
      "winner": null,
      "auctiontos_winner": null,
      "donation": false,
      "date_posted": "2024-08-20T11:00:00Z",
      "date_of_last_user_edit": "2024-08-20T11:00:00Z"
    }
  },
  {
    "model": "auctions.lot",
    "pk": 90011,
    "fields": {
      "lot_number_int": 203,
      "lot_name": "Endler's Livebearer Trio",
      "species_category": 9002,
      "quantity": 3,
      "reserve_price": 10,
      "buy_now_price": null,
      "summernote_description": "<p>True Endler's livebearer trio (1 male, 2 females). Beautiful colors on the male! Home-bred from clean line.</p>",
      "i_bred_this_fish": true,
      "active": false,
      "banned": false,
      "deactivated": false,
      "user": 9004,
      "auctiontos_seller": 9011,
      "auction": 9003,
      "date_end": "2024-10-01T23:59:00Z",
      "winning_price": 18,
      "winner": 9001,
      "auctiontos_winner": 9008,
      "donation": false,
      "date_posted": "2024-08-20T11:00:00Z",
      "date_of_last_user_edit": "2024-08-20T11:00:00Z"
    }
  },
  {
    "model": "auctions.lot",
    "pk": 90012,
    "fields": {
      "lot_number_int": 204,
      "lot_name": "Heater 50W with Thermometer",
      "species_category": 9004,
      "quantity": 1,
      "reserve_price": 5,
      "buy_now_price": null,
      "summernote_description": "<p>Reliable 50-watt aquarium heater with stick-on thermometer included. Works great, just upgraded to a bigger one.</p>",
      "i_bred_this_fish": false,
      "active": false,
      "banned": false,
      "deactivated": false,
      "user": 9001,
      "auctiontos_seller": 9008,
      "auction": 9003,
      "date_end": "2024-10-01T23:59:00Z",
      "winning_price": 8,
      "winner": 9004,
      "auctiontos_winner": 9011,
      "donation": false,
      "date_posted": "2024-08-20T11:00:00Z",
      "date_of_last_user_edit": "2024-08-20T11:00:00Z"
    }
  },
  {
    "model": "auctions.lot",
    "pk": 90013,
    "fields": {
      "lot_number_int": 205,
      "lot_name": "Club Donation - Mystery Box",
      "species_category": 9004,
      "quantity": 1,
      "reserve_price": 2,
      "buy_now_price": null,
      "summernote_description": "<p>Mystery box of aquarium goodies donated by the club! Could include plants, decorations, or supplies. All proceeds go to the club!</p>",
      "i_bred_this_fish": false,
      "active": false,
      "banned": false,
      "deactivated": false,
      "user": 9001,
      "auctiontos_seller": 9008,
      "auction": 9003,
      "date_end": "2024-10-01T23:59:00Z",
      "winning_price": 12,
      "winner": 9002,
      "auctiontos_winner": 9009,
      "donation": true,
      "date_posted": "2024-08-20T11:00:00Z",
      "date_of_last_user_edit": "2024-08-20T11:00:00Z"
    }
  },
  {
    "model": "auctions.bid",
    "pk": 90001,
    "fields": {
      "user": 9003,
      "lot_number": 90008,
      "amount": 15,
      "last_bid_time": "2024-12-01T10:00:00Z",
      "was_high_bid": true,
      "is_deleted": false,
      "bid_time": "2024-12-01T10:00:00Z"
    }
  },
  {
    "model": "auctions.bid",
    "pk": 90002,
    "fields": {
      "user": 9003,
      "lot_number": 90009,
      "amount": 30,
      "last_bid_time": "2024-09-30T20:00:00Z",
      "was_high_bid": false,
      "is_deleted": false,
      "bid_time": "2024-09-30T20:00:00Z"
    }
  },
  {
    "model": "auctions.bid",
    "pk": 90003,
    "fields": {
      "user": 9003,
      "lot_number": 90009,
      "amount": 35,
      "last_bid_time": "2024-09-30T22:00:00Z",
      "was_high_bid": true,
      "is_deleted": false,
      "bid_time": "2024-09-30T22:00:00Z"
    }
  },
  {
    "model": "auctions.bid",
    "pk": 90004,
    "fields": {
      "user": 9001,
      "lot_number": 90011,
      "amount": 15,
      "last_bid_time": "2024-09-30T18:00:00Z",
      "was_high_bid": false,
      "is_deleted": false,
      "bid_time": "2024-09-30T18:00:00Z"
    }
  },
  {
    "model": "auctions.bid",
    "pk": 90005,
    "fields": {
      "user": 9001,
      "lot_number": 90011,
      "amount": 18,
      "last_bid_time": "2024-09-30T21:00:00Z",
      "was_high_bid": true,
      "is_deleted": false,
      "bid_time": "2024-09-30T21:00:00Z"
    }
  },
  {
    "model": "auctions.bid",
    "pk": 90006,
    "fields": {
      "user": 9004,
      "lot_number": 90012,
      "amount": 6,
      "last_bid_time": "2024-09-30T19:00:00Z",
      "was_high_bid": false,
      "is_deleted": false,
      "bid_time": "2024-09-30T19:00:00Z"
    }
  },
  {
    "model": "auctions.bid",
    "pk": 90007,
    "fields": {
      "user": 9004,
      "lot_number": 90012,
      "amount": 8,
      "last_bid_time": "2024-09-30T22:30:00Z",
      "was_high_bid": true,
      "is_deleted": false,
      "bid_time": "2024-09-30T22:30:00Z"
    }
  },
  {
    "model": "auctions.bid",
    "pk": 90008,
    "fields": {
      "user": 9002,
      "lot_number": 90013,
      "amount": 5,
      "last_bid_time": "2024-09-30T17:00:00Z",
      "was_high_bid": false,
      "is_deleted": false,
      "bid_time": "2024-09-30T17:00:00Z"
    }
  },
  {
    "model": "auctions.bid",
    "pk": 90009,
    "fields": {
      "user": 9002,
      "lot_number": 90013,
      "amount": 12,
      "last_bid_time": "2024-09-30T23:00:00Z",
      "was_high_bid": true,
      "is_deleted": false,
      "bid_time": "2024-09-30T23:00:00Z"
    }
  }
]
